<?xml version="1.0" encoding="UTF-8" ?>
<!-- This is a WordPress eXtended RSS file generated by WordPress as an export of your site. -->
<!-- It contains information about your site's posts, pages, comments, categories, and other content. -->
<!-- You may use this file to transfer that content from one site to another. -->
<!-- This file is not intended to serve as a complete backup of your site. -->

<!-- To import this information into a WordPress site follow these steps: -->
<!-- 1. Log in to that site as an administrator. -->
<!-- 2. Go to Tools: Import in the WordPress admin panel. -->
<!-- 3. Install the "WordPress" importer from the list. -->
<!-- 4. Activate & Run Importer. -->
<!-- 5. Upload this file using the form provided on that page. -->
<!-- 6. You will first be asked to map the authors in this export file to users -->
<!--    on the site. For each author, you may choose to map to an -->
<!--    existing user on the site or to create a new user. -->
<!-- 7. WordPress will then import each of the posts, pages, comments, categories, etc. -->
<!--    contained in this file into your site. -->

	<!-- generator="WordPress/6.3.1" created="2023-10-05 15:59" -->
<rss version="2.0"
	xmlns:excerpt="http://wordpress.org/export/1.2/excerpt/"
	xmlns:content="http://purl.org/rss/1.0/modules/content/"
	xmlns:wfw="http://wellformedweb.org/CommentAPI/"
	xmlns:dc="http://purl.org/dc/elements/1.1/"
	xmlns:wp="http://wordpress.org/export/1.2/"
>

<channel>
	<title>sitonuovo1234</title>
	<link>http://localhost/sitonuovo1234</link>
	<description></description>
	<pubDate>Thu, 05 Oct 2023 15:59:12 +0000</pubDate>
	<language>it-IT</language>
	<wp:wxr_version>1.2</wp:wxr_version>
	<wp:base_site_url>http://localhost/sitonuovo1234</wp:base_site_url>
	<wp:base_blog_url>http://localhost/sitonuovo1234</wp:base_blog_url>

		<wp:author><wp:author_id>1</wp:author_id><wp:author_login><![CDATA[Silvio Angelino]]></wp:author_login><wp:author_email><![CDATA[silvioangelino04@gmail.com]]></wp:author_email><wp:author_display_name><![CDATA[Silvio Angelino]]></wp:author_display_name><wp:author_first_name><![CDATA[]]></wp:author_first_name><wp:author_last_name><![CDATA[]]></wp:author_last_name></wp:author>

		<wp:category>
		<wp:term_id>1</wp:term_id>
		<wp:category_nicename><![CDATA[senza-categoria]]></wp:category_nicename>
		<wp:category_parent><![CDATA[]]></wp:category_parent>
		<wp:cat_name><![CDATA[Senza categoria]]></wp:cat_name>
	</wp:category>
		<wp:category>
		<wp:term_id>8</wp:term_id>
		<wp:category_nicename><![CDATA[sostanze-chimiche-dei-deodoranti-tradizionali]]></wp:category_nicename>
		<wp:category_parent><![CDATA[]]></wp:category_parent>
		<wp:cat_name><![CDATA[Sostanze chimiche dei deodoranti tradizionali]]></wp:cat_name>
	</wp:category>
		<wp:category>
		<wp:term_id>7</wp:term_id>
		<wp:category_nicename><![CDATA[spiegazione-degli-ingredienti-che-usiamo]]></wp:category_nicename>
		<wp:category_parent><![CDATA[]]></wp:category_parent>
		<wp:cat_name><![CDATA[Spiegazione degli ingredienti che usiamo]]></wp:cat_name>
	</wp:category>
				<wp:term>
		<wp:term_id>5</wp:term_id>
		<wp:term_taxonomy><![CDATA[elementor_library_category]]></wp:term_taxonomy>
		<wp:term_slug><![CDATA[benessere2-0]]></wp:term_slug>
		<wp:term_parent><![CDATA[]]></wp:term_parent>
		<wp:term_name><![CDATA[Articoli sul benessere]]></wp:term_name>
	</wp:term>
		<wp:term>
		<wp:term_id>6</wp:term_id>
		<wp:term_taxonomy><![CDATA[elementor_library_category]]></wp:term_taxonomy>
		<wp:term_slug><![CDATA[ingredientinaturali2-0]]></wp:term_slug>
		<wp:term_parent><![CDATA[]]></wp:term_parent>
		<wp:term_name><![CDATA[Quali ingredienti naturali utilizziamo?]]></wp:term_name>
	</wp:term>
		
	<generator>https://wordpress.org/?v=6.3.1</generator>

		<item>
		<title><![CDATA[Ciao mondo!]]></title>
		<link>http://localhost/sitonuovo1234/2023/09/30/ciao-mondo/</link>
		<pubDate>Sat, 30 Sep 2023 13:28:22 +0000</pubDate>
		<dc:creator><![CDATA[Silvio Angelino]]></dc:creator>
		<guid isPermaLink="false">http://localhost/sitonuovo1234/?p=1</guid>
		<description></description>
		<content:encoded><![CDATA[<!-- wp:paragraph -->
<p>Ti diamo il benvenuto in WordPress. Questo è il tuo primo articolo. Modificalo o eliminalo e quindi inizia a scrivere!</p>
<!-- /wp:paragraph -->]]></content:encoded>
		<excerpt:encoded><![CDATA[]]></excerpt:encoded>
		<wp:post_id>1</wp:post_id>
		<wp:post_date><![CDATA[2023-09-30 15:28:22]]></wp:post_date>
		<wp:post_date_gmt><![CDATA[2023-09-30 13:28:22]]></wp:post_date_gmt>
		<wp:post_modified><![CDATA[2023-09-30 15:28:22]]></wp:post_modified>
		<wp:post_modified_gmt><![CDATA[2023-09-30 13:28:22]]></wp:post_modified_gmt>
		<wp:comment_status><![CDATA[open]]></wp:comment_status>
		<wp:ping_status><![CDATA[open]]></wp:ping_status>
		<wp:post_name><![CDATA[ciao-mondo]]></wp:post_name>
		<wp:status><![CDATA[publish]]></wp:status>
		<wp:post_parent>0</wp:post_parent>
		<wp:menu_order>0</wp:menu_order>
		<wp:post_type><![CDATA[post]]></wp:post_type>
		<wp:post_password><![CDATA[]]></wp:post_password>
		<wp:is_sticky>0</wp:is_sticky>
										<category domain="category" nicename="senza-categoria"><![CDATA[Senza categoria]]></category>
						<wp:comment>
			<wp:comment_id>1</wp:comment_id>
			<wp:comment_author><![CDATA[Un commentatore di WordPress]]></wp:comment_author>
			<wp:comment_author_email><![CDATA[wapuu@wordpress.example]]></wp:comment_author_email>
			<wp:comment_author_url>https://it.wordpress.org/</wp:comment_author_url>
			<wp:comment_author_IP><![CDATA[]]></wp:comment_author_IP>
			<wp:comment_date><![CDATA[2023-09-30 15:28:22]]></wp:comment_date>
			<wp:comment_date_gmt><![CDATA[2023-09-30 13:28:22]]></wp:comment_date_gmt>
			<wp:comment_content><![CDATA[Ciao, questo è un commento.
Per iniziare a moderare, modificare ed eliminare commenti, vai alla schermata dei commenti nella bacheca.
Gli avatar di chi lascia un commento sono forniti da <a href="https://it.gravatar.com/">Gravatar</a>.]]></wp:comment_content>
			<wp:comment_approved><![CDATA[1]]></wp:comment_approved>
			<wp:comment_type><![CDATA[comment]]></wp:comment_type>
			<wp:comment_parent>0</wp:comment_parent>
			<wp:comment_user_id>0</wp:comment_user_id>
							</wp:comment>
					</item>
					<item>
		<title><![CDATA[Pagina di esempio]]></title>
		<link>http://localhost/sitonuovo1234/pagina-di-esempio/</link>
		<pubDate>Sat, 30 Sep 2023 13:28:22 +0000</pubDate>
		<dc:creator><![CDATA[Silvio Angelino]]></dc:creator>
		<guid isPermaLink="false">http://localhost/sitonuovo1234/?page_id=2</guid>
		<description></description>
		<content:encoded><![CDATA[<!-- wp:paragraph -->
<p>Questa è una pagina di esempio. Differisce da un articolo di un blog perché rimane sempre allo stesso posto e (in molti temi) appare nel menu di navigazione. Molte persone iniziano con una pagina di Informazioni che li presentano ai visitatori del sito. Potrebbe apparire una presentazione del tipo:</p>
<!-- /wp:paragraph -->

<!-- wp:quote -->
<blockquote class="wp-block-quote"><p>Ciao! Sono un fattorino ciclista di giorno, aspirante attore di notte e questo è il mio sito web. Vivo a Los Angeles, ho un grande cane di nome Jack e mi piace la piña colada. (E prendere la pioggia)</p></blockquote>
<!-- /wp:quote -->

<!-- wp:paragraph -->
<p>...o qualcosa di simile:</p>
<!-- /wp:paragraph -->

<!-- wp:quote -->
<blockquote class="wp-block-quote"><p>La Società XYZ Aggeggi è stata fondata nel 1971 e da allora fornisce al pubblico aggeggi di ottima qualità. Situata a Fantasilandia, XYZ impiega oltre 2.000 persone e realizza ogni sorta di aggeggio fantastico per la comunità di Fantasilandia.</p></blockquote>
<!-- /wp:quote -->

<!-- wp:paragraph -->
<p>Come nuovo utente di WordPress, dovresti andare nella tua <a href="http://localhost/sitonuovo1234/wp-admin/">Bacheca</a> per eliminare questa pagina, e crearne delle nuove per i tuoi contenuti. Divertiti!</p>
<!-- /wp:paragraph -->]]></content:encoded>
		<excerpt:encoded><![CDATA[]]></excerpt:encoded>
		<wp:post_id>2</wp:post_id>
		<wp:post_date><![CDATA[2023-09-30 15:28:22]]></wp:post_date>
		<wp:post_date_gmt><![CDATA[2023-09-30 13:28:22]]></wp:post_date_gmt>
		<wp:post_modified><![CDATA[2023-09-30 15:28:22]]></wp:post_modified>
		<wp:post_modified_gmt><![CDATA[2023-09-30 13:28:22]]></wp:post_modified_gmt>
		<wp:comment_status><![CDATA[closed]]></wp:comment_status>
		<wp:ping_status><![CDATA[open]]></wp:ping_status>
		<wp:post_name><![CDATA[pagina-di-esempio]]></wp:post_name>
		<wp:status><![CDATA[publish]]></wp:status>
		<wp:post_parent>0</wp:post_parent>
		<wp:menu_order>0</wp:menu_order>
		<wp:post_type><![CDATA[page]]></wp:post_type>
		<wp:post_password><![CDATA[]]></wp:post_password>
		<wp:is_sticky>0</wp:is_sticky>
														<wp:postmeta>
		<wp:meta_key><![CDATA[_wp_page_template]]></wp:meta_key>
		<wp:meta_value><![CDATA[default]]></wp:meta_value>
		</wp:postmeta>
							</item>
					<item>
		<title><![CDATA[Privacy Policy]]></title>
		<link>http://localhost/sitonuovo1234/?page_id=3</link>
		<pubDate>Sat, 30 Sep 2023 13:28:22 +0000</pubDate>
		<dc:creator><![CDATA[Silvio Angelino]]></dc:creator>
		<guid isPermaLink="false">http://localhost/sitonuovo1234/?page_id=3</guid>
		<description></description>
		<content:encoded><![CDATA[<!-- wp:heading --><h2>Chi siamo</h2><!-- /wp:heading --><!-- wp:paragraph --><p><strong class="privacy-policy-tutorial">Testo suggerito: </strong>L'indirizzo del nostro sito web è: http://localhost/sitonuovo1234.</p><!-- /wp:paragraph --><!-- wp:heading --><h2>Commenti</h2><!-- /wp:heading --><!-- wp:paragraph --><p><strong class="privacy-policy-tutorial">Testo suggerito: </strong>Quando i visitatori lasciano commenti sul sito, raccogliamo i dati mostrati nel modulo dei commenti oltre all'indirizzo IP del visitatore e la stringa dello user agent del browser per facilitare il rilevamento dello spam.</p><!-- /wp:paragraph --><!-- wp:paragraph --><p>Una stringa anonimizzata creata a partire dal tuo indirizzo email (altrimenti detta hash) può essere fornita al servizio Gravatar per vedere se lo stai usando. La privacy policy del servizio Gravatar è disponibile qui: https://automattic.com/privacy/. Dopo l'approvazione del tuo commento, la tua immagine del profilo è visibile al pubblico nel contesto del tuo commento.</p><!-- /wp:paragraph --><!-- wp:heading --><h2>Media</h2><!-- /wp:heading --><!-- wp:paragraph --><p><strong class="privacy-policy-tutorial">Testo suggerito: </strong>Se carichi immagini sul sito web, dovresti evitare di caricare immagini che includono i dati di posizione incorporati (EXIF GPS). I visitatori del sito web possono scaricare ed estrarre qualsiasi dato sulla posizione dalle immagini sul sito web.</p><!-- /wp:paragraph --><!-- wp:heading --><h2>Cookie</h2><!-- /wp:heading --><!-- wp:paragraph --><p><strong class="privacy-policy-tutorial">Testo suggerito: </strong>Se lasci un commento sul nostro sito, puoi scegliere di salvare il tuo nome, indirizzo email e sito web nei cookie. Sono usati per la tua comodità in modo che tu non debba inserire nuovamente i tuoi dati quando lasci un altro commento. Questi cookie dureranno per un anno.</p><!-- /wp:paragraph --><!-- wp:paragraph --><p>Se visiti la pagina di login, verrà impostato un cookie temporaneo per determinare se il tuo browser accetta i cookie. Questo cookie non contiene dati personali e viene eliminato quando chiudi il browser.</p><!-- /wp:paragraph --><!-- wp:paragraph --><p>Quando effettui l'accesso, verranno impostati diversi cookie per salvare le tue informazioni di accesso e le tue opzioni di visualizzazione dello schermo. I cookie di accesso durano due giorni mentre i cookie per le opzioni dello schermo durano un anno. Se selezioni &quot;Ricordami&quot;, il tuo accesso persisterà per due settimane. Se esci dal tuo account, i cookie di accesso verranno rimossi.</p><!-- /wp:paragraph --><!-- wp:paragraph --><p>Se modifichi o pubblichi un articolo, un cookie aggiuntivo verrà salvato nel tuo browser. Questo cookie non include dati personali, ma indica semplicemente l'ID dell'articolo appena modificato. Scade dopo 1 giorno.</p><!-- /wp:paragraph --><!-- wp:heading --><h2>Contenuto incorporato da altri siti web</h2><!-- /wp:heading --><!-- wp:paragraph --><p><strong class="privacy-policy-tutorial">Testo suggerito: </strong>Gli articoli su questo sito possono includere contenuti incorporati (ad esempio video, immagini, articoli, ecc.). I contenuti incorporati da altri siti web si comportano esattamente allo stesso modo come se il visitatore avesse visitato l'altro sito web.</p><!-- /wp:paragraph --><!-- wp:paragraph --><p>Questi siti web possono raccogliere dati su di te, usare cookie, integrare ulteriori tracciamenti di terze parti e monitorare l'interazione con essi, incluso il tracciamento della tua interazione con il contenuto incorporato se hai un account e sei connesso a quei siti web.</p><!-- /wp:paragraph --><!-- wp:heading --><h2>Con chi condividiamo i tuoi dati</h2><!-- /wp:heading --><!-- wp:paragraph --><p><strong class="privacy-policy-tutorial">Testo suggerito: </strong>Se richiedi una reimpostazione della password, il tuo indirizzo IP verrà incluso nell'email di reimpostazione.</p><!-- /wp:paragraph --><!-- wp:heading --><h2>Per quanto tempo conserviamo i tuoi dati</h2><!-- /wp:heading --><!-- wp:paragraph --><p><strong class="privacy-policy-tutorial">Testo suggerito: </strong>Se lasci un commento, il commento e i relativi metadati vengono conservati a tempo indeterminato. È così che possiamo riconoscere e approvare automaticamente eventuali commenti successivi invece di tenerli in una coda di moderazione.</p><!-- /wp:paragraph --><!-- wp:paragraph --><p>Per gli utenti che si registrano sul nostro sito web (se presenti), memorizziamo anche le informazioni personali che forniscono nel loro profilo utente. Tutti gli utenti possono vedere, modificare o eliminare le loro informazioni personali in qualsiasi momento (eccetto il loro nome utente che non possono cambiare). Gli amministratori del sito web possono anche vedere e modificare queste informazioni.</p><!-- /wp:paragraph --><!-- wp:heading --><h2>Quali diritti hai sui tuoi dati</h2><!-- /wp:heading --><!-- wp:paragraph --><p><strong class="privacy-policy-tutorial">Testo suggerito: </strong>Se hai un account su questo sito, o hai lasciato commenti, puoi richiedere di ricevere un file esportato dal sito con i dati personali che abbiamo su di te, compresi i dati che ci hai fornito. Puoi anche richiedere che cancelliamo tutti i dati personali che ti riguardano. Questo non include i dati che siamo obbligati a conservare per scopi amministrativi, legali o di sicurezza.</p><!-- /wp:paragraph --><!-- wp:heading --><h2>Dove i tuoi dati sono inviati</h2><!-- /wp:heading --><!-- wp:paragraph --><p><strong class="privacy-policy-tutorial">Testo suggerito: </strong>I commenti dei visitatori possono essere controllati attraverso un servizio di rilevamento automatico dello spam.</p><!-- /wp:paragraph -->]]></content:encoded>
		<excerpt:encoded><![CDATA[]]></excerpt:encoded>
		<wp:post_id>3</wp:post_id>
		<wp:post_date><![CDATA[2023-09-30 15:28:22]]></wp:post_date>
		<wp:post_date_gmt><![CDATA[2023-09-30 13:28:22]]></wp:post_date_gmt>
		<wp:post_modified><![CDATA[2023-09-30 15:28:22]]></wp:post_modified>
		<wp:post_modified_gmt><![CDATA[2023-09-30 13:28:22]]></wp:post_modified_gmt>
		<wp:comment_status><![CDATA[closed]]></wp:comment_status>
		<wp:ping_status><![CDATA[open]]></wp:ping_status>
		<wp:post_name><![CDATA[privacy-policy]]></wp:post_name>
		<wp:status><![CDATA[draft]]></wp:status>
		<wp:post_parent>0</wp:post_parent>
		<wp:menu_order>0</wp:menu_order>
		<wp:post_type><![CDATA[page]]></wp:post_type>
		<wp:post_password><![CDATA[]]></wp:post_password>
		<wp:is_sticky>0</wp:is_sticky>
														<wp:postmeta>
		<wp:meta_key><![CDATA[_wp_page_template]]></wp:meta_key>
		<wp:meta_value><![CDATA[default]]></wp:meta_value>
		</wp:postmeta>
							</item>
					<item>
		<title><![CDATA[Custom Styles]]></title>
		<link>http://localhost/sitonuovo1234/2023/10/01/wp-global-styles-twentytwentythree/</link>
		<pubDate>Sun, 01 Oct 2023 15:42:19 +0000</pubDate>
		<dc:creator><![CDATA[Silvio Angelino]]></dc:creator>
		<guid isPermaLink="false">http://localhost/sitonuovo1234/2023/10/01/wp-global-styles-twentytwentythree/</guid>
		<description></description>
		<content:encoded><![CDATA[{"version": 2, "isGlobalStylesUserThemeJSON": true }]]></content:encoded>
		<excerpt:encoded><![CDATA[]]></excerpt:encoded>
		<wp:post_id>6</wp:post_id>
		<wp:post_date><![CDATA[2023-10-01 17:42:19]]></wp:post_date>
		<wp:post_date_gmt><![CDATA[2023-10-01 15:42:19]]></wp:post_date_gmt>
		<wp:post_modified><![CDATA[2023-10-01 17:42:19]]></wp:post_modified>
		<wp:post_modified_gmt><![CDATA[2023-10-01 15:42:19]]></wp:post_modified_gmt>
		<wp:comment_status><![CDATA[closed]]></wp:comment_status>
		<wp:ping_status><![CDATA[closed]]></wp:ping_status>
		<wp:post_name><![CDATA[wp-global-styles-twentytwentythree]]></wp:post_name>
		<wp:status><![CDATA[publish]]></wp:status>
		<wp:post_parent>0</wp:post_parent>
		<wp:menu_order>0</wp:menu_order>
		<wp:post_type><![CDATA[wp_global_styles]]></wp:post_type>
		<wp:post_password><![CDATA[]]></wp:post_password>
		<wp:is_sticky>0</wp:is_sticky>
										<category domain="wp_theme" nicename="twentytwentythree"><![CDATA[twentytwentythree]]></category>
						</item>
					<item>
		<title><![CDATA[un nuovo modo di curarsi]]></title>
		<link>http://localhost/sitonuovo1234/un-nuovo-modo-di-curarsi/</link>
		<pubDate>Mon, 02 Oct 2023 19:13:39 +0000</pubDate>
		<dc:creator><![CDATA[Silvio Angelino]]></dc:creator>
		<guid isPermaLink="false">http://localhost/sitonuovo1234/?page_id=16</guid>
		<description></description>
		<content:encoded><![CDATA[<!-- wp:paragraph -->
<p></p>
<!-- /wp:paragraph -->

<!-- wp:image {"id":23,"width":178,"height":178,"scale":"cover","sizeSlug":"full","linkDestination":"none"} -->
<figure class="wp-block-image size-full is-resized"><img src="http://localhost/sitonuovo1234/wp-content/uploads/2023/10/pexels-monstera-production-6978043.jpg" alt="" class="wp-image-23" style="object-fit:cover;width:178px;height:178px" width="178" height="178"/></figure>
<!-- /wp:image -->

<!-- wp:image {"id":24,"width":231,"height":347,"scale":"cover","sizeSlug":"full","linkDestination":"none"} -->
<figure class="wp-block-image size-full is-resized"><img src="http://localhost/sitonuovo1234/wp-content/uploads/2023/10/pexels-monstera-production-6620858.jpg" alt="" class="wp-image-24" style="object-fit:cover;width:231px;height:347px" width="231" height="347"/></figure>
<!-- /wp:image -->

<!-- wp:embed {"url":"https://www.youtube.com/watch?v=BBJa32lCaaY","type":"video","providerNameSlug":"youtube","responsive":true,"className":"wp-embed-aspect-16-9 wp-has-aspect-ratio"} -->
<figure class="wp-block-embed is-type-video is-provider-youtube wp-block-embed-youtube wp-embed-aspect-16-9 wp-has-aspect-ratio"><div class="wp-block-embed__wrapper">
https://www.youtube.com/watch?v=BBJa32lCaaY
</div></figure>
<!-- /wp:embed -->

<!-- wp:group {"layout":{"type":"flex","orientation":"vertical"}} -->
<div class="wp-block-group"></div>
<!-- /wp:group -->]]></content:encoded>
		<excerpt:encoded><![CDATA[]]></excerpt:encoded>
		<wp:post_id>16</wp:post_id>
		<wp:post_date><![CDATA[2023-10-02 21:13:39]]></wp:post_date>
		<wp:post_date_gmt><![CDATA[2023-10-02 19:13:39]]></wp:post_date_gmt>
		<wp:post_modified><![CDATA[2023-10-02 21:23:20]]></wp:post_modified>
		<wp:post_modified_gmt><![CDATA[2023-10-02 19:23:20]]></wp:post_modified_gmt>
		<wp:comment_status><![CDATA[closed]]></wp:comment_status>
		<wp:ping_status><![CDATA[closed]]></wp:ping_status>
		<wp:post_name><![CDATA[un-nuovo-modo-di-curarsi]]></wp:post_name>
		<wp:status><![CDATA[publish]]></wp:status>
		<wp:post_parent>0</wp:post_parent>
		<wp:menu_order>0</wp:menu_order>
		<wp:post_type><![CDATA[page]]></wp:post_type>
		<wp:post_password><![CDATA[]]></wp:post_password>
		<wp:is_sticky>0</wp:is_sticky>
														<wp:postmeta>
		<wp:meta_key><![CDATA[_thumbnail_id]]></wp:meta_key>
		<wp:meta_value><![CDATA[25]]></wp:meta_value>
		</wp:postmeta>
							<wp:postmeta>
		<wp:meta_key><![CDATA[footnotes]]></wp:meta_key>
		<wp:meta_value><![CDATA[]]></wp:meta_value>
		</wp:postmeta>
							<wp:postmeta>
		<wp:meta_key><![CDATA[_oembed_d2a01793d4e49e7f96094e1bafecaa59]]></wp:meta_key>
		<wp:meta_value><![CDATA[<iframe title="Rick Rolled (Short Version)" width="950" height="534" src="https://www.youtube.com/embed/BBJa32lCaaY?feature=oembed" frameborder="0" allow="accelerometer; autoplay; clipboard-write; encrypted-media; gyroscope; picture-in-picture; web-share" allowfullscreen></iframe>]]></wp:meta_value>
		</wp:postmeta>
							<wp:postmeta>
		<wp:meta_key><![CDATA[_oembed_time_d2a01793d4e49e7f96094e1bafecaa59]]></wp:meta_key>
		<wp:meta_value><![CDATA[1696274586]]></wp:meta_value>
		</wp:postmeta>
							<wp:postmeta>
		<wp:meta_key><![CDATA[_oembed_595a14fbf231958633779f9c4dad16e9]]></wp:meta_key>
		<wp:meta_value><![CDATA[<iframe title="Rick Rolled (Short Version)" width="500" height="281" src="https://www.youtube.com/embed/BBJa32lCaaY?feature=oembed" frameborder="0" allow="accelerometer; autoplay; clipboard-write; encrypted-media; gyroscope; picture-in-picture; web-share" allowfullscreen></iframe>]]></wp:meta_value>
		</wp:postmeta>
							<wp:postmeta>
		<wp:meta_key><![CDATA[_oembed_time_595a14fbf231958633779f9c4dad16e9]]></wp:meta_key>
		<wp:meta_value><![CDATA[1696355883]]></wp:meta_value>
		</wp:postmeta>
							</item>
					<item>
		<title><![CDATA[pexels-monstera-production-6978043]]></title>
		<link>http://localhost/sitonuovo1234/un-nuovo-modo-di-curarsi/pexels-monstera-production-6978043/</link>
		<pubDate>Mon, 02 Oct 2023 19:09:04 +0000</pubDate>
		<dc:creator><![CDATA[Silvio Angelino]]></dc:creator>
		<guid isPermaLink="false">http://localhost/sitonuovo1234/wp-content/uploads/2023/10/pexels-monstera-production-6978043.jpg</guid>
		<description></description>
		<content:encoded><![CDATA[]]></content:encoded>
		<excerpt:encoded><![CDATA[]]></excerpt:encoded>
		<wp:post_id>23</wp:post_id>
		<wp:post_date><![CDATA[2023-10-02 21:09:04]]></wp:post_date>
		<wp:post_date_gmt><![CDATA[2023-10-02 19:09:04]]></wp:post_date_gmt>
		<wp:post_modified><![CDATA[2023-10-02 21:09:04]]></wp:post_modified>
		<wp:post_modified_gmt><![CDATA[2023-10-02 19:09:04]]></wp:post_modified_gmt>
		<wp:comment_status><![CDATA[open]]></wp:comment_status>
		<wp:ping_status><![CDATA[closed]]></wp:ping_status>
		<wp:post_name><![CDATA[pexels-monstera-production-6978043]]></wp:post_name>
		<wp:status><![CDATA[inherit]]></wp:status>
		<wp:post_parent>16</wp:post_parent>
		<wp:menu_order>0</wp:menu_order>
		<wp:post_type><![CDATA[attachment]]></wp:post_type>
		<wp:post_password><![CDATA[]]></wp:post_password>
		<wp:is_sticky>0</wp:is_sticky>
						<wp:attachment_url><![CDATA[http://localhost/sitonuovo1234/wp-content/uploads/2023/10/pexels-monstera-production-6978043.jpg]]></wp:attachment_url>
											<wp:postmeta>
		<wp:meta_key><![CDATA[_wp_attached_file]]></wp:meta_key>
		<wp:meta_value><![CDATA[2023/10/pexels-monstera-production-6978043.jpg]]></wp:meta_value>
		</wp:postmeta>
							<wp:postmeta>
		<wp:meta_key><![CDATA[_wp_attachment_metadata]]></wp:meta_key>
		<wp:meta_value><![CDATA[a:6:{s:5:"width";i:2198;s:6:"height";i:3297;s:4:"file";s:46:"2023/10/pexels-monstera-production-6978043.jpg";s:8:"filesize";i:1185184;s:5:"sizes";a:0:{}s:10:"image_meta";a:12:{s:8:"aperture";s:1:"0";s:6:"credit";s:0:"";s:6:"camera";s:0:"";s:7:"caption";s:0:"";s:17:"created_timestamp";s:1:"0";s:9:"copyright";s:0:"";s:12:"focal_length";s:1:"0";s:3:"iso";s:1:"0";s:13:"shutter_speed";s:1:"0";s:5:"title";s:0:"";s:11:"orientation";s:1:"0";s:8:"keywords";a:0:{}}}]]></wp:meta_value>
		</wp:postmeta>
							</item>
					<item>
		<title><![CDATA[pexels-monstera-production-6620858]]></title>
		<link>http://localhost/sitonuovo1234/un-nuovo-modo-di-curarsi/pexels-monstera-production-6620858/</link>
		<pubDate>Mon, 02 Oct 2023 19:10:24 +0000</pubDate>
		<dc:creator><![CDATA[Silvio Angelino]]></dc:creator>
		<guid isPermaLink="false">http://localhost/sitonuovo1234/wp-content/uploads/2023/10/pexels-monstera-production-6620858.jpg</guid>
		<description></description>
		<content:encoded><![CDATA[]]></content:encoded>
		<excerpt:encoded><![CDATA[]]></excerpt:encoded>
		<wp:post_id>24</wp:post_id>
		<wp:post_date><![CDATA[2023-10-02 21:10:24]]></wp:post_date>
		<wp:post_date_gmt><![CDATA[2023-10-02 19:10:24]]></wp:post_date_gmt>
		<wp:post_modified><![CDATA[2023-10-02 21:10:24]]></wp:post_modified>
		<wp:post_modified_gmt><![CDATA[2023-10-02 19:10:24]]></wp:post_modified_gmt>
		<wp:comment_status><![CDATA[open]]></wp:comment_status>
		<wp:ping_status><![CDATA[closed]]></wp:ping_status>
		<wp:post_name><![CDATA[pexels-monstera-production-6620858]]></wp:post_name>
		<wp:status><![CDATA[inherit]]></wp:status>
		<wp:post_parent>16</wp:post_parent>
		<wp:menu_order>0</wp:menu_order>
		<wp:post_type><![CDATA[attachment]]></wp:post_type>
		<wp:post_password><![CDATA[]]></wp:post_password>
		<wp:is_sticky>0</wp:is_sticky>
						<wp:attachment_url><![CDATA[http://localhost/sitonuovo1234/wp-content/uploads/2023/10/pexels-monstera-production-6620858.jpg]]></wp:attachment_url>
											<wp:postmeta>
		<wp:meta_key><![CDATA[_wp_attached_file]]></wp:meta_key>
		<wp:meta_value><![CDATA[2023/10/pexels-monstera-production-6620858.jpg]]></wp:meta_value>
		</wp:postmeta>
							<wp:postmeta>
		<wp:meta_key><![CDATA[_wp_attachment_metadata]]></wp:meta_key>
		<wp:meta_value><![CDATA[a:6:{s:5:"width";i:3648;s:6:"height";i:5472;s:4:"file";s:46:"2023/10/pexels-monstera-production-6620858.jpg";s:8:"filesize";i:3287274;s:5:"sizes";a:0:{}s:10:"image_meta";a:12:{s:8:"aperture";s:1:"0";s:6:"credit";s:0:"";s:6:"camera";s:0:"";s:7:"caption";s:0:"";s:17:"created_timestamp";s:1:"0";s:9:"copyright";s:0:"";s:12:"focal_length";s:1:"0";s:3:"iso";s:1:"0";s:13:"shutter_speed";s:1:"0";s:5:"title";s:0:"";s:11:"orientation";s:1:"0";s:8:"keywords";a:0:{}}}]]></wp:meta_value>
		</wp:postmeta>
							</item>
					<item>
		<title><![CDATA[pexels-monstera-production-6978043]]></title>
		<link>http://localhost/sitonuovo1234/un-nuovo-modo-di-curarsi/pexels-monstera-production-6978043-2/</link>
		<pubDate>Mon, 02 Oct 2023 19:10:41 +0000</pubDate>
		<dc:creator><![CDATA[Silvio Angelino]]></dc:creator>
		<guid isPermaLink="false">http://localhost/sitonuovo1234/wp-content/uploads/2023/10/pexels-monstera-production-6978043-1.jpg</guid>
		<description></description>
		<content:encoded><![CDATA[Una moltitudine di prodotti a tua disposizione]]></content:encoded>
		<excerpt:encoded><![CDATA[]]></excerpt:encoded>
		<wp:post_id>25</wp:post_id>
		<wp:post_date><![CDATA[2023-10-02 21:10:41]]></wp:post_date>
		<wp:post_date_gmt><![CDATA[2023-10-02 19:10:41]]></wp:post_date_gmt>
		<wp:post_modified><![CDATA[2023-10-03 16:34:49]]></wp:post_modified>
		<wp:post_modified_gmt><![CDATA[2023-10-03 14:34:49]]></wp:post_modified_gmt>
		<wp:comment_status><![CDATA[open]]></wp:comment_status>
		<wp:ping_status><![CDATA[closed]]></wp:ping_status>
		<wp:post_name><![CDATA[pexels-monstera-production-6978043-2]]></wp:post_name>
		<wp:status><![CDATA[inherit]]></wp:status>
		<wp:post_parent>16</wp:post_parent>
		<wp:menu_order>0</wp:menu_order>
		<wp:post_type><![CDATA[attachment]]></wp:post_type>
		<wp:post_password><![CDATA[]]></wp:post_password>
		<wp:is_sticky>0</wp:is_sticky>
						<wp:attachment_url><![CDATA[http://localhost/sitonuovo1234/wp-content/uploads/2023/10/pexels-monstera-production-6978043-1.jpg]]></wp:attachment_url>
											<wp:postmeta>
		<wp:meta_key><![CDATA[_wp_attached_file]]></wp:meta_key>
		<wp:meta_value><![CDATA[2023/10/pexels-monstera-production-6978043-1.jpg]]></wp:meta_value>
		</wp:postmeta>
							<wp:postmeta>
		<wp:meta_key><![CDATA[_wp_attachment_metadata]]></wp:meta_key>
		<wp:meta_value><![CDATA[a:6:{s:5:"width";i:2198;s:6:"height";i:3297;s:4:"file";s:48:"2023/10/pexels-monstera-production-6978043-1.jpg";s:8:"filesize";i:1185184;s:5:"sizes";a:0:{}s:10:"image_meta";a:12:{s:8:"aperture";s:1:"0";s:6:"credit";s:0:"";s:6:"camera";s:0:"";s:7:"caption";s:0:"";s:17:"created_timestamp";s:1:"0";s:9:"copyright";s:0:"";s:12:"focal_length";s:1:"0";s:3:"iso";s:1:"0";s:13:"shutter_speed";s:1:"0";s:5:"title";s:0:"";s:11:"orientation";s:1:"0";s:8:"keywords";a:0:{}}}]]></wp:meta_value>
		</wp:postmeta>
							</item>
					<item>
		<title><![CDATA[Kit predefinito]]></title>
		<link>http://localhost/sitonuovo1234/?elementor_library=kit-predefinito</link>
		<pubDate>Mon, 02 Oct 2023 19:28:29 +0000</pubDate>
		<dc:creator><![CDATA[Silvio Angelino]]></dc:creator>
		<guid isPermaLink="false">http://localhost/sitonuovo1234/?p=31</guid>
		<description></description>
		<content:encoded><![CDATA[]]></content:encoded>
		<excerpt:encoded><![CDATA[]]></excerpt:encoded>
		<wp:post_id>31</wp:post_id>
		<wp:post_date><![CDATA[2023-10-02 21:28:29]]></wp:post_date>
		<wp:post_date_gmt><![CDATA[2023-10-02 19:28:29]]></wp:post_date_gmt>
		<wp:post_modified><![CDATA[2023-10-02 21:28:29]]></wp:post_modified>
		<wp:post_modified_gmt><![CDATA[2023-10-02 19:28:29]]></wp:post_modified_gmt>
		<wp:comment_status><![CDATA[closed]]></wp:comment_status>
		<wp:ping_status><![CDATA[closed]]></wp:ping_status>
		<wp:post_name><![CDATA[kit-predefinito]]></wp:post_name>
		<wp:status><![CDATA[publish]]></wp:status>
		<wp:post_parent>0</wp:post_parent>
		<wp:menu_order>0</wp:menu_order>
		<wp:post_type><![CDATA[elementor_library]]></wp:post_type>
		<wp:post_password><![CDATA[]]></wp:post_password>
		<wp:is_sticky>0</wp:is_sticky>
														<wp:postmeta>
		<wp:meta_key><![CDATA[_elementor_edit_mode]]></wp:meta_key>
		<wp:meta_value><![CDATA[builder]]></wp:meta_value>
		</wp:postmeta>
							<wp:postmeta>
		<wp:meta_key><![CDATA[_elementor_template_type]]></wp:meta_key>
		<wp:meta_value><![CDATA[kit]]></wp:meta_value>
		</wp:postmeta>
							</item>
					<item>
		<title><![CDATA[Elementor #32]]></title>
		<link>http://localhost/sitonuovo1234/?page_id=32</link>
		<pubDate>Thu, 05 Oct 2023 15:08:03 +0000</pubDate>
		<dc:creator><![CDATA[Silvio Angelino]]></dc:creator>
		<guid isPermaLink="false">http://localhost/sitonuovo1234/?page_id=32</guid>
		<description></description>
		<content:encoded><![CDATA[<style>/*! elementor - v3.16.0 - 20-09-2023 */
.elementor-heading-title{padding:0;margin:0;line-height:1}.elementor-widget-heading .elementor-heading-title[class*=elementor-size-]>a{color:inherit;font-size:inherit;line-height:inherit}.elementor-widget-heading .elementor-heading-title.elementor-size-small{font-size:15px}.elementor-widget-heading .elementor-heading-title.elementor-size-medium{font-size:19px}.elementor-widget-heading .elementor-heading-title.elementor-size-large{font-size:29px}.elementor-widget-heading .elementor-heading-title.elementor-size-xl{font-size:39px}.elementor-widget-heading .elementor-heading-title.elementor-size-xxl{font-size:59px}</style><h2>Deorod, un nuovo modo di curarsi</h2>		
			<style>/*! elementor - v3.16.0 - 20-09-2023 */
.elementor-widget-image-box .elementor-image-box-content{width:100%}@media (min-width:768px){.elementor-widget-image-box.elementor-position-left .elementor-image-box-wrapper,.elementor-widget-image-box.elementor-position-right .elementor-image-box-wrapper{display:flex}.elementor-widget-image-box.elementor-position-right .elementor-image-box-wrapper{text-align:right;flex-direction:row-reverse}.elementor-widget-image-box.elementor-position-left .elementor-image-box-wrapper{text-align:left;flex-direction:row}.elementor-widget-image-box.elementor-position-top .elementor-image-box-img{margin:auto}.elementor-widget-image-box.elementor-vertical-align-top .elementor-image-box-wrapper{align-items:flex-start}.elementor-widget-image-box.elementor-vertical-align-middle .elementor-image-box-wrapper{align-items:center}.elementor-widget-image-box.elementor-vertical-align-bottom .elementor-image-box-wrapper{align-items:flex-end}}@media (max-width:767px){.elementor-widget-image-box .elementor-image-box-img{margin-left:auto!important;margin-right:auto!important;margin-bottom:15px}}.elementor-widget-image-box .elementor-image-box-img{display:inline-block}.elementor-widget-image-box .elementor-image-box-title a{color:inherit}.elementor-widget-image-box .elementor-image-box-wrapper{text-align:center}.elementor-widget-image-box .elementor-image-box-description{margin:0}</style><figure><img width="2198" height="3297" src="http://localhost/sitonuovo1234/wp-content/uploads/2023/10/pexels-monstera-production-6978043-1.jpg" alt="" loading="lazy" /></figure><h3>Una moltitudine di prodotti al tuo servizio</h3>		
			<style>/*! elementor - v3.16.0 - 20-09-2023 */
.elementor-widget-divider{--divider-border-style:none;--divider-border-width:1px;--divider-color:#0c0d0e;--divider-icon-size:20px;--divider-element-spacing:10px;--divider-pattern-height:24px;--divider-pattern-size:20px;--divider-pattern-url:none;--divider-pattern-repeat:repeat-x}.elementor-widget-divider .elementor-divider{display:flex}.elementor-widget-divider .elementor-divider__text{font-size:15px;line-height:1;max-width:95%}.elementor-widget-divider .elementor-divider__element{margin:0 var(--divider-element-spacing);flex-shrink:0}.elementor-widget-divider .elementor-icon{font-size:var(--divider-icon-size)}.elementor-widget-divider .elementor-divider-separator{display:flex;margin:0;direction:ltr}.elementor-widget-divider--view-line_icon .elementor-divider-separator,.elementor-widget-divider--view-line_text .elementor-divider-separator{align-items:center}.elementor-widget-divider--view-line_icon .elementor-divider-separator:after,.elementor-widget-divider--view-line_icon .elementor-divider-separator:before,.elementor-widget-divider--view-line_text .elementor-divider-separator:after,.elementor-widget-divider--view-line_text .elementor-divider-separator:before{display:block;content:"";border-bottom:0;flex-grow:1;border-top:var(--divider-border-width) var(--divider-border-style) var(--divider-color)}.elementor-widget-divider--element-align-left .elementor-divider .elementor-divider-separator>.elementor-divider__svg:first-of-type{flex-grow:0;flex-shrink:100}.elementor-widget-divider--element-align-left .elementor-divider-separator:before{content:none}.elementor-widget-divider--element-align-left .elementor-divider__element{margin-left:0}.elementor-widget-divider--element-align-right .elementor-divider .elementor-divider-separator>.elementor-divider__svg:last-of-type{flex-grow:0;flex-shrink:100}.elementor-widget-divider--element-align-right .elementor-divider-separator:after{content:none}.elementor-widget-divider--element-align-right .elementor-divider__element{margin-right:0}.elementor-widget-divider:not(.elementor-widget-divider--view-line_text):not(.elementor-widget-divider--view-line_icon) .elementor-divider-separator{border-top:var(--divider-border-width) var(--divider-border-style) var(--divider-color)}.elementor-widget-divider--separator-type-pattern{--divider-border-style:none}.elementor-widget-divider--separator-type-pattern.elementor-widget-divider--view-line .elementor-divider-separator,.elementor-widget-divider--separator-type-pattern:not(.elementor-widget-divider--view-line) .elementor-divider-separator:after,.elementor-widget-divider--separator-type-pattern:not(.elementor-widget-divider--view-line) .elementor-divider-separator:before,.elementor-widget-divider--separator-type-pattern:not([class*=elementor-widget-divider--view]) .elementor-divider-separator{width:100%;min-height:var(--divider-pattern-height);-webkit-mask-size:var(--divider-pattern-size) 100%;mask-size:var(--divider-pattern-size) 100%;-webkit-mask-repeat:var(--divider-pattern-repeat);mask-repeat:var(--divider-pattern-repeat);background-color:var(--divider-color);-webkit-mask-image:var(--divider-pattern-url);mask-image:var(--divider-pattern-url)}.elementor-widget-divider--no-spacing{--divider-pattern-size:auto}.elementor-widget-divider--bg-round{--divider-pattern-repeat:round}.rtl .elementor-widget-divider .elementor-divider__text{direction:rtl}.e-con-inner>.elementor-widget-divider,.e-con>.elementor-widget-divider{width:var(--container-widget-width,100%);--flex-grow:var(--container-widget-flex-grow)}</style>		
			<h4>I valori di Deorod riassunti in questo video:</h4>		
		https://www.youtube.com/watch?v=XHOmBV4js_E		
			<h4>Da noi troverai:</h4>		
			<link rel="stylesheet" href="http://localhost/sitonuovo1234/wp-content/plugins/elementor/assets/css/widget-icon-list.min.css">		<ul>
							<li>
										Spedizione gratuita ai primi 5 acquisti
									</li>
								<li>
										No agenti chimici
									</li>
								<li>
										Servizio clienti sempre disponibile
									</li>
						</ul>]]></content:encoded>
		<excerpt:encoded><![CDATA[]]></excerpt:encoded>
		<wp:post_id>32</wp:post_id>
		<wp:post_date><![CDATA[2023-10-05 17:08:03]]></wp:post_date>
		<wp:post_date_gmt><![CDATA[2023-10-05 15:08:03]]></wp:post_date_gmt>
		<wp:post_modified><![CDATA[2023-10-05 17:08:03]]></wp:post_modified>
		<wp:post_modified_gmt><![CDATA[2023-10-05 15:08:03]]></wp:post_modified_gmt>
		<wp:comment_status><![CDATA[closed]]></wp:comment_status>
		<wp:ping_status><![CDATA[closed]]></wp:ping_status>
		<wp:post_name><![CDATA[__trashed]]></wp:post_name>
		<wp:status><![CDATA[trash]]></wp:status>
		<wp:post_parent>0</wp:post_parent>
		<wp:menu_order>0</wp:menu_order>
		<wp:post_type><![CDATA[page]]></wp:post_type>
		<wp:post_password><![CDATA[]]></wp:post_password>
		<wp:is_sticky>0</wp:is_sticky>
														<wp:postmeta>
		<wp:meta_key><![CDATA[_elementor_edit_mode]]></wp:meta_key>
		<wp:meta_value><![CDATA[builder]]></wp:meta_value>
		</wp:postmeta>
							<wp:postmeta>
		<wp:meta_key><![CDATA[_elementor_template_type]]></wp:meta_key>
		<wp:meta_value><![CDATA[wp-page]]></wp:meta_value>
		</wp:postmeta>
							<wp:postmeta>
		<wp:meta_key><![CDATA[_elementor_version]]></wp:meta_key>
		<wp:meta_value><![CDATA[3.16.4]]></wp:meta_value>
		</wp:postmeta>
							<wp:postmeta>
		<wp:meta_key><![CDATA[_wp_page_template]]></wp:meta_key>
		<wp:meta_value><![CDATA[default]]></wp:meta_value>
		</wp:postmeta>
							<wp:postmeta>
		<wp:meta_key><![CDATA[_elementor_data]]></wp:meta_key>
		<wp:meta_value><![CDATA[[{"id":"b238f51","elType":"container","settings":[],"elements":[{"id":"babc534","elType":"widget","settings":{"title":"Deorod, un nuovo modo di curarsi"},"elements":[],"widgetType":"heading"}],"isInner":false},{"id":"c8618b3","elType":"container","settings":{"boxed_width":{"unit":"px","size":568,"sizes":[]},"min_height":{"unit":"px","size":0,"sizes":[]}},"elements":[],"isInner":false},{"id":"4d4d9a8","elType":"container","settings":[],"elements":[{"id":"99b1465","elType":"widget","settings":{"image":{"url":"http:\/\/localhost\/sitonuovo1234\/wp-content\/uploads\/2023\/10\/pexels-monstera-production-6978043-1.jpg","id":25,"size":"","alt":"","source":"library"},"title_text":"Una moltitudine di prodotti al tuo servizio","description_text":"","title_color":"#E46E6E"},"elements":[],"widgetType":"image-box"}],"isInner":false},{"id":"3a8e221","elType":"container","settings":[],"elements":[{"id":"49dd998","elType":"widget","settings":{"text":"Divisore"},"elements":[],"widgetType":"divider"}],"isInner":false},{"id":"4da48fe","elType":"container","settings":[],"elements":[{"id":"6b3d350","elType":"widget","settings":{"title":"I valori di Deorod riassunti in questo video:","header_size":"h4","title_color":"#E46E6E","typography_typography":"custom","typography_font_family":"Roboto","typography_font_weight":"600","_element_width":"auto","_flex_size":"shrink"},"elements":[],"widgetType":"heading"}],"isInner":false},{"id":"b403e75","elType":"container","settings":[],"elements":[{"id":"5252039","elType":"widget","settings":{"youtube_url":"https:\/\/www.youtube.com\/watch?v=XHOmBV4js_E","vimeo_url":"https:\/\/vimeo.com\/235215203","dailymotion_url":"https:\/\/www.dailymotion.com\/video\/x6tqhqb"},"elements":[],"widgetType":"video"}],"isInner":false},{"id":"6f1f5b4","elType":"container","settings":[],"elements":[{"id":"47a9bc0","elType":"widget","settings":{"title":"Da noi troverai:","header_size":"h4","title_color":"#6EC1E4","typography_typography":"custom","typography_font_family":"Roboto","typography_font_weight":"600"},"elements":[],"widgetType":"heading"},{"id":"2798c45","elType":"widget","settings":{"icon_list":[{"text":"Spedizione gratuita ai primi 5 acquisti","selected_icon":{"value":"fas fa-archive","library":"fa-solid"},"_id":"a5f609d"},{"text":"No agenti chimici","selected_icon":{"value":"fas fa-biohazard","library":"fa-solid"},"_id":"76e2e3e"},{"text":"Servizio clienti sempre disponibile","selected_icon":{"value":"fas fa-clipboard","library":"fa-solid"},"_id":"4438eb2"}]},"elements":[],"widgetType":"icon-list"}],"isInner":false},{"id":"02bd9b9","elType":"container","settings":{"flex_direction":"column"},"elements":[{"id":"1fd6fc3","elType":"widget","settings":{"title":""},"elements":[],"widgetType":"heading"}],"isInner":false},{"id":"3239a3e","elType":"container","settings":{"flex_direction":"column"},"elements":[],"isInner":false}]]]></wp:meta_value>
		</wp:postmeta>
							<wp:postmeta>
		<wp:meta_key><![CDATA[_elementor_page_assets]]></wp:meta_key>
		<wp:meta_value><![CDATA[a:0:{}]]></wp:meta_value>
		</wp:postmeta>
							<wp:postmeta>
		<wp:meta_key><![CDATA[_oembed_f8a21e0e6a462ed42bd0798b2950cb9c]]></wp:meta_key>
		<wp:meta_value><![CDATA[<iframe title="Video Placeholder" width="500" height="281" src="https://www.youtube.com/embed/XHOmBV4js_E?feature=oembed" frameborder="0" allow="accelerometer; autoplay; clipboard-write; encrypted-media; gyroscope; picture-in-picture; web-share" allowfullscreen></iframe>]]></wp:meta_value>
		</wp:postmeta>
							<wp:postmeta>
		<wp:meta_key><![CDATA[_oembed_time_f8a21e0e6a462ed42bd0798b2950cb9c]]></wp:meta_key>
		<wp:meta_value><![CDATA[1696355842]]></wp:meta_value>
		</wp:postmeta>
							<wp:postmeta>
		<wp:meta_key><![CDATA[_wp_trash_meta_status]]></wp:meta_key>
		<wp:meta_value><![CDATA[draft]]></wp:meta_value>
		</wp:postmeta>
							<wp:postmeta>
		<wp:meta_key><![CDATA[_wp_trash_meta_time]]></wp:meta_key>
		<wp:meta_value><![CDATA[1696518483]]></wp:meta_value>
		</wp:postmeta>
							<wp:postmeta>
		<wp:meta_key><![CDATA[_wp_desired_post_slug]]></wp:meta_key>
		<wp:meta_value><![CDATA[]]></wp:meta_value>
		</wp:postmeta>
							</item>
					<item>
		<title><![CDATA[Custom Styles]]></title>
		<link>http://localhost/sitonuovo1234/2023/10/03/wp-global-styles-twentytwentytwo/</link>
		<pubDate>Tue, 03 Oct 2023 14:15:11 +0000</pubDate>
		<dc:creator><![CDATA[Silvio Angelino]]></dc:creator>
		<guid isPermaLink="false">http://localhost/sitonuovo1234/2023/10/03/wp-global-styles-twentytwentytwo/</guid>
		<description></description>
		<content:encoded><![CDATA[{"version": 2, "isGlobalStylesUserThemeJSON": true }]]></content:encoded>
		<excerpt:encoded><![CDATA[]]></excerpt:encoded>
		<wp:post_id>34</wp:post_id>
		<wp:post_date><![CDATA[2023-10-03 16:15:11]]></wp:post_date>
		<wp:post_date_gmt><![CDATA[2023-10-03 14:15:11]]></wp:post_date_gmt>
		<wp:post_modified><![CDATA[2023-10-03 16:15:11]]></wp:post_modified>
		<wp:post_modified_gmt><![CDATA[2023-10-03 14:15:11]]></wp:post_modified_gmt>
		<wp:comment_status><![CDATA[closed]]></wp:comment_status>
		<wp:ping_status><![CDATA[closed]]></wp:ping_status>
		<wp:post_name><![CDATA[wp-global-styles-twentytwentytwo]]></wp:post_name>
		<wp:status><![CDATA[publish]]></wp:status>
		<wp:post_parent>0</wp:post_parent>
		<wp:menu_order>0</wp:menu_order>
		<wp:post_type><![CDATA[wp_global_styles]]></wp:post_type>
		<wp:post_password><![CDATA[]]></wp:post_password>
		<wp:is_sticky>0</wp:is_sticky>
										<category domain="wp_theme" nicename="twentytwentytwo"><![CDATA[twentytwentytwo]]></category>
						</item>
					<item>
		<title><![CDATA[Custom Styles]]></title>
		<link>http://localhost/sitonuovo1234/2023/10/03/wp-global-styles-infinix-shop/</link>
		<pubDate>Tue, 03 Oct 2023 14:17:23 +0000</pubDate>
		<dc:creator><![CDATA[Silvio Angelino]]></dc:creator>
		<guid isPermaLink="false">http://localhost/sitonuovo1234/2023/10/03/wp-global-styles-infinix-shop/</guid>
		<description></description>
		<content:encoded><![CDATA[{"version": 2, "isGlobalStylesUserThemeJSON": true }]]></content:encoded>
		<excerpt:encoded><![CDATA[]]></excerpt:encoded>
		<wp:post_id>35</wp:post_id>
		<wp:post_date><![CDATA[2023-10-03 16:17:23]]></wp:post_date>
		<wp:post_date_gmt><![CDATA[2023-10-03 14:17:23]]></wp:post_date_gmt>
		<wp:post_modified><![CDATA[2023-10-03 16:17:23]]></wp:post_modified>
		<wp:post_modified_gmt><![CDATA[2023-10-03 14:17:23]]></wp:post_modified_gmt>
		<wp:comment_status><![CDATA[closed]]></wp:comment_status>
		<wp:ping_status><![CDATA[closed]]></wp:ping_status>
		<wp:post_name><![CDATA[wp-global-styles-infinix-shop]]></wp:post_name>
		<wp:status><![CDATA[publish]]></wp:status>
		<wp:post_parent>0</wp:post_parent>
		<wp:menu_order>0</wp:menu_order>
		<wp:post_type><![CDATA[wp_global_styles]]></wp:post_type>
		<wp:post_password><![CDATA[]]></wp:post_password>
		<wp:is_sticky>0</wp:is_sticky>
										<category domain="wp_theme" nicename="infinix-shop"><![CDATA[infinix-shop]]></category>
						</item>
					<item>
		<title><![CDATA[HOME]]></title>
		<link>http://localhost/sitonuovo1234/?page_id=36</link>
		<pubDate>Thu, 05 Oct 2023 15:08:06 +0000</pubDate>
		<dc:creator><![CDATA[Silvio Angelino]]></dc:creator>
		<guid isPermaLink="false">http://localhost/sitonuovo1234/?page_id=36</guid>
		<description></description>
		<content:encoded><![CDATA[]]></content:encoded>
		<excerpt:encoded><![CDATA[]]></excerpt:encoded>
		<wp:post_id>36</wp:post_id>
		<wp:post_date><![CDATA[2023-10-05 17:08:06]]></wp:post_date>
		<wp:post_date_gmt><![CDATA[2023-10-05 15:08:06]]></wp:post_date_gmt>
		<wp:post_modified><![CDATA[2023-10-05 17:08:06]]></wp:post_modified>
		<wp:post_modified_gmt><![CDATA[2023-10-05 15:08:06]]></wp:post_modified_gmt>
		<wp:comment_status><![CDATA[closed]]></wp:comment_status>
		<wp:ping_status><![CDATA[closed]]></wp:ping_status>
		<wp:post_name><![CDATA[home__trashed]]></wp:post_name>
		<wp:status><![CDATA[trash]]></wp:status>
		<wp:post_parent>0</wp:post_parent>
		<wp:menu_order>0</wp:menu_order>
		<wp:post_type><![CDATA[page]]></wp:post_type>
		<wp:post_password><![CDATA[]]></wp:post_password>
		<wp:is_sticky>0</wp:is_sticky>
														<wp:postmeta>
		<wp:meta_key><![CDATA[_wp_trash_meta_status]]></wp:meta_key>
		<wp:meta_value><![CDATA[draft]]></wp:meta_value>
		</wp:postmeta>
							<wp:postmeta>
		<wp:meta_key><![CDATA[_wp_trash_meta_time]]></wp:meta_key>
		<wp:meta_value><![CDATA[1696518486]]></wp:meta_value>
		</wp:postmeta>
							<wp:postmeta>
		<wp:meta_key><![CDATA[_wp_desired_post_slug]]></wp:meta_key>
		<wp:meta_value><![CDATA[home]]></wp:meta_value>
		</wp:postmeta>
							</item>
					<item>
		<title><![CDATA[un nuovo modo di curarsi]]></title>
		<link>http://localhost/sitonuovo1234/?page_id=38</link>
		<pubDate>Thu, 05 Oct 2023 15:08:12 +0000</pubDate>
		<dc:creator><![CDATA[Silvio Angelino]]></dc:creator>
		<guid isPermaLink="false">http://localhost/sitonuovo1234/?page_id=38</guid>
		<description></description>
		<content:encoded><![CDATA[]]></content:encoded>
		<excerpt:encoded><![CDATA[]]></excerpt:encoded>
		<wp:post_id>38</wp:post_id>
		<wp:post_date><![CDATA[2023-10-05 17:08:12]]></wp:post_date>
		<wp:post_date_gmt><![CDATA[2023-10-05 15:08:12]]></wp:post_date_gmt>
		<wp:post_modified><![CDATA[2023-10-05 17:08:12]]></wp:post_modified>
		<wp:post_modified_gmt><![CDATA[2023-10-05 15:08:12]]></wp:post_modified_gmt>
		<wp:comment_status><![CDATA[closed]]></wp:comment_status>
		<wp:ping_status><![CDATA[closed]]></wp:ping_status>
		<wp:post_name><![CDATA[un-nuovo-modo-di-curarsi-2__trashed]]></wp:post_name>
		<wp:status><![CDATA[trash]]></wp:status>
		<wp:post_parent>0</wp:post_parent>
		<wp:menu_order>0</wp:menu_order>
		<wp:post_type><![CDATA[page]]></wp:post_type>
		<wp:post_password><![CDATA[]]></wp:post_password>
		<wp:is_sticky>0</wp:is_sticky>
														<wp:postmeta>
		<wp:meta_key><![CDATA[_wp_trash_meta_status]]></wp:meta_key>
		<wp:meta_value><![CDATA[draft]]></wp:meta_value>
		</wp:postmeta>
							<wp:postmeta>
		<wp:meta_key><![CDATA[_wp_trash_meta_time]]></wp:meta_key>
		<wp:meta_value><![CDATA[1696518492]]></wp:meta_value>
		</wp:postmeta>
							<wp:postmeta>
		<wp:meta_key><![CDATA[_wp_desired_post_slug]]></wp:meta_key>
		<wp:meta_value><![CDATA[un-nuovo-modo-di-curarsi-2]]></wp:meta_value>
		</wp:postmeta>
							</item>
					<item>
		<title><![CDATA[Home]]></title>
		<link>http://localhost/sitonuovo1234/</link>
		<pubDate>Thu, 05 Oct 2023 15:09:12 +0000</pubDate>
		<dc:creator><![CDATA[Silvio Angelino]]></dc:creator>
		<guid isPermaLink="false">http://localhost/sitonuovo1234/?page_id=43</guid>
		<description></description>
		<content:encoded><![CDATA[<!-- wp:image {"align":"center","id":45,"width":500,"height":700,"scale":"cover","sizeSlug":"full","linkDestination":"none"} -->
<figure class="wp-block-image aligncenter size-full is-resized"><img src="http://localhost/sitonuovo1234/wp-content/uploads/2023/10/pexels-monstera-production-6978043-2.jpg" alt="" class="wp-image-45" style="object-fit:cover;width:500px;height:700px" width="500" height="700"/></figure>
<!-- /wp:image -->

<!-- wp:paragraph {"align":"center","textColor":"primary","fontSize":"x-large"} -->
<p class="has-text-align-center has-primary-color has-text-color has-x-large-font-size"><strong>Un nuovo modo di curarsi - Deorod</strong></p>
<!-- /wp:paragraph -->

<!-- wp:paragraph -->
<p>Molto più di un brand, lasciamo che siano direttamente i nostri clienti a spiegare i nostri valori</p>
<!-- /wp:paragraph -->

<!-- wp:group {"layout":{"type":"flex","orientation":"vertical"}} -->
<div class="wp-block-group"><!-- wp:paragraph {"align":"center"} -->
<p class="has-text-align-center">                             Guarda il video "I valori di Deorod" per avere una visione più chiara </p>
<!-- /wp:paragraph -->

<!-- wp:embed {"url":"https://www.youtube.com/watch?v=geFhofz7fIg","type":"video","providerNameSlug":"youtube","responsive":true,"className":"wp-embed-aspect-16-9 wp-has-aspect-ratio"} -->
<figure class="wp-block-embed is-type-video is-provider-youtube wp-block-embed-youtube wp-embed-aspect-16-9 wp-has-aspect-ratio"><div class="wp-block-embed__wrapper">
https://www.youtube.com/watch?v=geFhofz7fIg
</div></figure>
<!-- /wp:embed --></div>
<!-- /wp:group -->

<!-- wp:embed {"url":"https://www.youtube.com/watch?v=geFhofz7fIg","type":"video","providerNameSlug":"youtube","responsive":true,"className":"wp-embed-aspect-16-9 wp-has-aspect-ratio"} -->
<figure class="wp-block-embed is-type-video is-provider-youtube wp-block-embed-youtube wp-embed-aspect-16-9 wp-has-aspect-ratio"><div class="wp-block-embed__wrapper">
https://www.youtube.com/watch?v=geFhofz7fIg
</div></figure>
<!-- /wp:embed -->

<!-- wp:separator {"style":{"spacing":{"margin":{"top":"var:preset|spacing|50","bottom":"var:preset|spacing|50"}}},"className":"is-style-wide"} -->
<hr class="wp-block-separator has-alpha-channel-opacity is-style-wide" style="margin-top:var(--wp--preset--spacing--50);margin-bottom:var(--wp--preset--spacing--50)"/>
<!-- /wp:separator -->

<!-- wp:paragraph {"fontSize":"large"} -->
<p class="has-large-font-size">Quali sono i vantaggi e gli svantaggi di usare un prodotto naturale? Si, diciamo anche gli "svantaggi" per non lasciare sorprese ai nostri clienti, ovviamente inserito tra virgolette perché sono svantaggi di lieve entità. </p>
<!-- /wp:paragraph -->

<!-- wp:separator {"className":"is-style-wide"} -->
<hr class="wp-block-separator has-alpha-channel-opacity is-style-wide"/>
<!-- /wp:separator -->

<!-- wp:columns -->
<div class="wp-block-columns"><!-- wp:column -->
<div class="wp-block-column"><!-- wp:paragraph {"textColor":"primary"} -->
<p class="has-primary-color has-text-color">Vantaggi </p>
<!-- /wp:paragraph -->

<!-- wp:paragraph -->
<p>-Meno irritazioni e allergie</p>
<!-- /wp:paragraph -->

<!-- wp:paragraph -->
<p>-Effetti positivi sulla pelle nel lungo periodo</p>
<!-- /wp:paragraph -->

<!-- wp:paragraph -->
<p>-Sono ricchi di vitamine</p>
<!-- /wp:paragraph -->

<!-- wp:paragraph -->
<p>-Confezione piccola e riciclabile</p>
<!-- /wp:paragraph --></div>
<!-- /wp:column -->

<!-- wp:column -->
<div class="wp-block-column"><!-- wp:paragraph {"textColor":"primary"} -->
<p class="has-primary-color has-text-color">Svantaggi</p>
<!-- /wp:paragraph -->

<!-- wp:paragraph -->
<p>-Inodore</p>
<!-- /wp:paragraph -->

<!-- wp:paragraph -->
<p>-Non dura tutto il giorno, dato che non presenta alcuna sostanza chimica (si consigliano 2 applicazioni al giorno per un corretto utilizzo)</p>
<!-- /wp:paragraph -->

<!-- wp:paragraph -->
<p>-Prezzo elevato</p>
<!-- /wp:paragraph --></div>
<!-- /wp:column --></div>
<!-- /wp:columns -->

<!-- wp:paragraph -->
<p></p>
<!-- /wp:paragraph -->

<!-- wp:paragraph -->
<p></p>
<!-- /wp:paragraph -->

<!-- wp:paragraph {"align":"center","fontSize":"small"} -->
<p class="has-text-align-center has-small-font-size"><strong>Compila il form qui sotto per essere contatto da un nostro consulente</strong></p>
<!-- /wp:paragraph -->

<!-- wp:paragraph -->
<p>Nome e cognome</p>
<!-- /wp:paragraph -->

<!-- wp:table -->
<figure class="wp-block-table"><table><tbody><tr><td></td></tr></tbody></table></figure>
<!-- /wp:table -->

<!-- wp:paragraph -->
<p>E-mail</p>
<!-- /wp:paragraph -->

<!-- wp:table -->
<figure class="wp-block-table"><table><tbody><tr><td></td></tr></tbody></table></figure>
<!-- /wp:table -->

<!-- wp:paragraph -->
<p>Città </p>
<!-- /wp:paragraph -->

<!-- wp:table -->
<figure class="wp-block-table"><table><tbody><tr><td></td></tr></tbody></table></figure>
<!-- /wp:table -->

<!-- wp:paragraph {"fontSize":"medium"} -->
<p class="has-medium-font-size">Piccola descrizione dei tuoi interessi *serve ai consulenti per potersi preparare meglio alla tua richiesta*</p>
<!-- /wp:paragraph -->

<!-- wp:table -->
<figure class="wp-block-table"><table><tbody><tr><td><br><br><br><br><br><br><br><br></td></tr></tbody></table></figure>
<!-- /wp:table -->

<!-- wp:table -->
<figure class="wp-block-table"><table><tbody><tr><td>                                                                           <strong>   INVIA</strong></td></tr></tbody></table></figure>
<!-- /wp:table -->]]></content:encoded>
		<excerpt:encoded><![CDATA[]]></excerpt:encoded>
		<wp:post_id>43</wp:post_id>
		<wp:post_date><![CDATA[2023-10-05 17:09:12]]></wp:post_date>
		<wp:post_date_gmt><![CDATA[2023-10-05 15:09:12]]></wp:post_date_gmt>
		<wp:post_modified><![CDATA[2023-10-05 17:38:04]]></wp:post_modified>
		<wp:post_modified_gmt><![CDATA[2023-10-05 15:38:04]]></wp:post_modified_gmt>
		<wp:comment_status><![CDATA[closed]]></wp:comment_status>
		<wp:ping_status><![CDATA[closed]]></wp:ping_status>
		<wp:post_name><![CDATA[home]]></wp:post_name>
		<wp:status><![CDATA[publish]]></wp:status>
		<wp:post_parent>0</wp:post_parent>
		<wp:menu_order>0</wp:menu_order>
		<wp:post_type><![CDATA[page]]></wp:post_type>
		<wp:post_password><![CDATA[]]></wp:post_password>
		<wp:is_sticky>0</wp:is_sticky>
														<wp:postmeta>
		<wp:meta_key><![CDATA[footnotes]]></wp:meta_key>
		<wp:meta_value><![CDATA[]]></wp:meta_value>
		</wp:postmeta>
							<wp:postmeta>
		<wp:meta_key><![CDATA[_oembed_6d7b267e75d620c0309fcdfa75955825]]></wp:meta_key>
		<wp:meta_value><![CDATA[<iframe title="Il 2023 con Nahrin Swisscare" width="500" height="281" src="https://www.youtube.com/embed/geFhofz7fIg?feature=oembed" frameborder="0" allow="accelerometer; autoplay; clipboard-write; encrypted-media; gyroscope; picture-in-picture; web-share" allowfullscreen></iframe>]]></wp:meta_value>
		</wp:postmeta>
							<wp:postmeta>
		<wp:meta_key><![CDATA[_oembed_time_6d7b267e75d620c0309fcdfa75955825]]></wp:meta_key>
		<wp:meta_value><![CDATA[1696520218]]></wp:meta_value>
		</wp:postmeta>
							</item>
					<item>
		<title><![CDATA[pexels-monstera-production-6978043-2]]></title>
		<link>http://localhost/sitonuovo1234/home/pexels-monstera-production-6978043-2-2/</link>
		<pubDate>Thu, 05 Oct 2023 15:11:00 +0000</pubDate>
		<dc:creator><![CDATA[Silvio Angelino]]></dc:creator>
		<guid isPermaLink="false">http://localhost/sitonuovo1234/wp-content/uploads/2023/10/pexels-monstera-production-6978043-2.jpg</guid>
		<description></description>
		<content:encoded><![CDATA[]]></content:encoded>
		<excerpt:encoded><![CDATA[]]></excerpt:encoded>
		<wp:post_id>45</wp:post_id>
		<wp:post_date><![CDATA[2023-10-05 17:11:00]]></wp:post_date>
		<wp:post_date_gmt><![CDATA[2023-10-05 15:11:00]]></wp:post_date_gmt>
		<wp:post_modified><![CDATA[2023-10-05 17:11:00]]></wp:post_modified>
		<wp:post_modified_gmt><![CDATA[2023-10-05 15:11:00]]></wp:post_modified_gmt>
		<wp:comment_status><![CDATA[open]]></wp:comment_status>
		<wp:ping_status><![CDATA[closed]]></wp:ping_status>
		<wp:post_name><![CDATA[pexels-monstera-production-6978043-2-2]]></wp:post_name>
		<wp:status><![CDATA[inherit]]></wp:status>
		<wp:post_parent>43</wp:post_parent>
		<wp:menu_order>0</wp:menu_order>
		<wp:post_type><![CDATA[attachment]]></wp:post_type>
		<wp:post_password><![CDATA[]]></wp:post_password>
		<wp:is_sticky>0</wp:is_sticky>
						<wp:attachment_url><![CDATA[http://localhost/sitonuovo1234/wp-content/uploads/2023/10/pexels-monstera-production-6978043-2.jpg]]></wp:attachment_url>
											<wp:postmeta>
		<wp:meta_key><![CDATA[_wp_attached_file]]></wp:meta_key>
		<wp:meta_value><![CDATA[2023/10/pexels-monstera-production-6978043-2.jpg]]></wp:meta_value>
		</wp:postmeta>
							<wp:postmeta>
		<wp:meta_key><![CDATA[_wp_attachment_metadata]]></wp:meta_key>
		<wp:meta_value><![CDATA[a:6:{s:5:"width";i:2198;s:6:"height";i:3297;s:4:"file";s:48:"2023/10/pexels-monstera-production-6978043-2.jpg";s:8:"filesize";i:1185184;s:5:"sizes";a:0:{}s:10:"image_meta";a:12:{s:8:"aperture";s:1:"0";s:6:"credit";s:0:"";s:6:"camera";s:0:"";s:7:"caption";s:0:"";s:17:"created_timestamp";s:1:"0";s:9:"copyright";s:0:"";s:12:"focal_length";s:1:"0";s:3:"iso";s:1:"0";s:13:"shutter_speed";s:1:"0";s:5:"title";s:0:"";s:11:"orientation";s:1:"0";s:8:"keywords";a:0:{}}}]]></wp:meta_value>
		</wp:postmeta>
							</item>
					<item>
		<title><![CDATA[Olio di cocco]]></title>
		<link>http://localhost/sitonuovo1234/2023/10/05/olio-di-cocco/</link>
		<pubDate>Thu, 05 Oct 2023 15:42:58 +0000</pubDate>
		<dc:creator><![CDATA[Silvio Angelino]]></dc:creator>
		<guid isPermaLink="false">http://localhost/sitonuovo1234/?p=48</guid>
		<description></description>
		<content:encoded><![CDATA[<!-- wp:paragraph -->
<p><strong>Cos'è l'olio di cocco? </strong> </p>
<!-- /wp:paragraph -->

<!-- wp:paragraph -->
<p>L'olio di cocco è un olio estratto dalla polpa di cocco. È ricco di grassi saturi a catena media, noti come trigliceridi a catena media (MCT). Questi grassi sono diversi dai grassi a catena lunga presenti nella maggior parte degli oli vegetali.</p>
<!-- /wp:paragraph -->

<!-- wp:paragraph -->
<p>L'olio di cocco è stato associato a diversi benefici per la salute:</p>
<!-- /wp:paragraph -->

<!-- wp:list {"ordered":true} -->
<ol><!-- wp:list-item -->
<li><strong>Fornisce energia immediata</strong>: I MCT vengono rapidamente assorbiti dal fegato e convertiti in energia, invece di essere immagazzinati come grasso.</li>
<!-- /wp:list-item -->

<!-- wp:list-item -->
<li><strong>Migliora la salute del cuore</strong>: Se consumato con moderazione, l'olio di cocco può aumentare il colesterolo HDL (il cosiddetto "colesterolo buono") e migliorare il rapporto tra colesterolo buono e cattivo.</li>
<!-- /wp:list-item -->

<!-- wp:list-item -->
<li><strong>Promuove la perdita di peso</strong>: Grazie alla sua capacità di fornire energia rapidamente e aumentare il senso di sazietà, può essere utile in programmi di perdita di peso.</li>
<!-- /wp:list-item -->

<!-- wp:list-item -->
<li><strong>Benefico per la pelle e i capelli</strong>: L'olio di cocco è spesso utilizzato in cosmetici e prodotti per la cura della pelle e dei capelli a causa delle sue proprietà idratanti e nutrienti.</li>
<!-- /wp:list-item -->

<!-- wp:list-item -->
<li><strong>Potenziali proprietà antimicrobiche</strong>: L'acido laurico, un componente principale dell'olio di cocco, ha dimostrato di avere proprietà antimicrobiche, che possono aiutare a combattere batteri, funghi e virus.</li>
<!-- /wp:list-item -->

<!-- wp:list-item -->
<li><strong>Benefico per il cervello</strong>: Ci sono alcune evidenze che suggeriscono che i MCT presenti nell'olio di cocco possano avere benefici per la funzione cerebrale, specialmente nelle persone con disturbi neurologici come l'Alzheimer.</li>
<!-- /wp:list-item --></ol>
<!-- /wp:list -->]]></content:encoded>
		<excerpt:encoded><![CDATA[]]></excerpt:encoded>
		<wp:post_id>48</wp:post_id>
		<wp:post_date><![CDATA[2023-10-05 17:42:58]]></wp:post_date>
		<wp:post_date_gmt><![CDATA[2023-10-05 15:42:58]]></wp:post_date_gmt>
		<wp:post_modified><![CDATA[2023-10-05 17:44:22]]></wp:post_modified>
		<wp:post_modified_gmt><![CDATA[2023-10-05 15:44:22]]></wp:post_modified_gmt>
		<wp:comment_status><![CDATA[open]]></wp:comment_status>
		<wp:ping_status><![CDATA[open]]></wp:ping_status>
		<wp:post_name><![CDATA[olio-di-cocco]]></wp:post_name>
		<wp:status><![CDATA[publish]]></wp:status>
		<wp:post_parent>0</wp:post_parent>
		<wp:menu_order>0</wp:menu_order>
		<wp:post_type><![CDATA[post]]></wp:post_type>
		<wp:post_password><![CDATA[]]></wp:post_password>
		<wp:is_sticky>0</wp:is_sticky>
										<category domain="category" nicename="spiegazione-degli-ingredienti-che-usiamo"><![CDATA[Spiegazione degli ingredienti che usiamo]]></category>
						</item>
					<item>
		<title><![CDATA[Burro di Karité]]></title>
		<link>http://localhost/sitonuovo1234/2023/10/05/burro-di-karite/</link>
		<pubDate>Thu, 05 Oct 2023 15:46:25 +0000</pubDate>
		<dc:creator><![CDATA[Silvio Angelino]]></dc:creator>
		<guid isPermaLink="false">http://localhost/sitonuovo1234/?p=50</guid>
		<description></description>
		<content:encoded><![CDATA[<!-- wp:paragraph -->
<p><strong>Che cos'è il burro di Karité? </strong> </p>
<!-- /wp:paragraph -->

<!-- wp:paragraph -->
<p>Il burro di karité è una sostanza grassa estratta dai semi del frutto del karité, un albero che cresce principalmente in alcune regioni dell'Africa occidentale. È noto per le sue proprietà idratanti, emollienti e nutrienti.</p>
<!-- /wp:paragraph -->

<!-- wp:paragraph -->
<p>Ecco perché il burro di karité può essere benefico per la salute:</p>
<!-- /wp:paragraph -->

<!-- wp:list {"ordered":true} -->
<ol><!-- wp:list-item -->
<li><strong>Idratazione della pelle</strong>: È ricco di acidi grassi essenziali, come l'acido oleico e l'acido stearico, che aiutano a mantenere la pelle idratata e a proteggerla dai danni causati dall'ambiente.</li>
<!-- /wp:list-item -->

<!-- wp:list-item -->
<li><strong>Proprietà anti-infiammatorie</strong>: Contiene composti con proprietà anti-infiammatorie, come il triterpene acetato di lupeolo, che può aiutare a ridurre l'infiammazione e a lenire la pelle irritata.</li>
<!-- /wp:list-item -->

<!-- wp:list-item -->
<li><strong>Riduzione delle rughe e delle cicatrici</strong>: Il burro di karité è ricco di vitamine A ed E, che possono contribuire a migliorare l'elasticità della pelle e a ridurre l'aspetto di rughe e cicatrici.</li>
<!-- /wp:list-item -->

<!-- wp:list-item -->
<li><strong>Protezione solare naturale</strong>: Contiene piccole quantità di fattore di protezione solare naturale (SPF), che offre una leggera protezione dai danni causati dai raggi UV.</li>
<!-- /wp:list-item -->

<!-- wp:list-item -->
<li><strong>Trattamento per capelli secchi e danneggiati</strong>: Il burro di karité può essere utilizzato come condizionatore naturale per i capelli, aiutando a idratare i capelli secchi e danneggiati e a ridurre l'effetto crespo.</li>
<!-- /wp:list-item -->

<!-- wp:list-item -->
<li><strong>Proprietà antiossidanti</strong>: Le vitamine A ed E presenti nel burro di karité agiscono come antiossidanti, aiutando a combattere i radicali liberi che possono danneggiare la pelle e accelerare il processo di invecchiamento.</li>
<!-- /wp:list-item -->

<!-- wp:list-item -->
<li><strong>Compatibilità con pelli sensibili</strong>: È generalmente ben tollerato anche dalle pelli più sensibili, poiché è naturale e privo di sostanze chimiche aggressive</li>
<!-- /wp:list-item --></ol>
<!-- /wp:list -->]]></content:encoded>
		<excerpt:encoded><![CDATA[]]></excerpt:encoded>
		<wp:post_id>50</wp:post_id>
		<wp:post_date><![CDATA[2023-10-05 17:46:25]]></wp:post_date>
		<wp:post_date_gmt><![CDATA[2023-10-05 15:46:25]]></wp:post_date_gmt>
		<wp:post_modified><![CDATA[2023-10-05 17:46:25]]></wp:post_modified>
		<wp:post_modified_gmt><![CDATA[2023-10-05 15:46:25]]></wp:post_modified_gmt>
		<wp:comment_status><![CDATA[open]]></wp:comment_status>
		<wp:ping_status><![CDATA[open]]></wp:ping_status>
		<wp:post_name><![CDATA[burro-di-karite]]></wp:post_name>
		<wp:status><![CDATA[publish]]></wp:status>
		<wp:post_parent>0</wp:post_parent>
		<wp:menu_order>0</wp:menu_order>
		<wp:post_type><![CDATA[post]]></wp:post_type>
		<wp:post_password><![CDATA[]]></wp:post_password>
		<wp:is_sticky>0</wp:is_sticky>
										<category domain="category" nicename="spiegazione-degli-ingredienti-che-usiamo"><![CDATA[Spiegazione degli ingredienti che usiamo]]></category>
						</item>
					<item>
		<title><![CDATA[L' alluminio]]></title>
		<link>http://localhost/sitonuovo1234/2023/10/05/l-alluminio/</link>
		<pubDate>Thu, 05 Oct 2023 15:48:53 +0000</pubDate>
		<dc:creator><![CDATA[Silvio Angelino]]></dc:creator>
		<guid isPermaLink="false">http://localhost/sitonuovo1234/?p=52</guid>
		<description></description>
		<content:encoded><![CDATA[<!-- wp:paragraph -->
<p><strong>L' alluminio contenuto nei deodoranti tradizionali che effetto provoca sul nostro corpo? </strong> </p>
<!-- /wp:paragraph -->

<!-- wp:paragraph -->
<p>L'alluminio nei deodoranti tradizionali si presenta in forma di sali di alluminio, come l'alluminio cloridrato o l'alluminio zirconio. Questi sali vengono utilizzati per ridurre la sudorazione e prevenire l'odore corporeo.</p>
<!-- /wp:paragraph -->

<!-- wp:paragraph -->
<p>Ecco come funzionano:</p>
<!-- /wp:paragraph -->

<!-- wp:list {"ordered":true} -->
<ol><!-- wp:list-item -->
<li><strong>Bloccano i pori sudoripari</strong>: Gli ioni di alluminio formano una sorta di "tappo" temporaneo nei condotti sudoripari, riducendo così la quantità di sudore che raggiunge la superficie della pelle.</li>
<!-- /wp:list-item -->

<!-- wp:list-item -->
<li><strong>Inibiscono la crescita batterica</strong>: Riducendo la quantità di sudore sulla pelle, gli alluminio aiutano a creare un ambiente meno favorevole per la crescita batterica, che è spesso responsabile dell'odore corporeo.</li>
<!-- /wp:list-item --></ol>
<!-- /wp:list -->

<!-- wp:paragraph -->
<p>Tuttavia, c'è stato un dibattito sulla sicurezza dell'uso prolungato di alluminio nei deodoranti. Alcuni studi e ricerche hanno suggerito possibili preoccupazioni:</p>
<!-- /wp:paragraph -->

<!-- wp:list {"ordered":true} -->
<ol><!-- wp:list-item -->
<li><strong>Assorbimento cutaneo</strong>: L'alluminio può essere assorbito attraverso la pelle e accumularsi nel corpo. Questo ha sollevato preoccupazioni riguardo a possibili effetti sulla salute a lungo termine, come un potenziale collegamento con malattie neurologiche come l'Alzheimer.</li>
<!-- /wp:list-item -->

<!-- wp:list-item -->
<li><strong>Alterazione del microbioma della pelle</strong>: Bloccando i pori, gli alluminio possono influenzare l'equilibrio del microbioma della pelle, l'ecosistema di batteri che vive sulla nostra pelle e svolge un ruolo importante nella protezione e nella salute della pelle.</li>
<!-- /wp:list-item -->

<!-- wp:list-item -->
<li><strong>Possibili reazioni allergiche o irritazioni</strong>: Alcune persone possono sviluppare reazioni allergiche o irritazioni cutanee a causa dell'uso prolungato di deodoranti contenenti alluminio.</li>
<!-- /wp:list-item -->

<!-- wp:list-item -->
<li><strong>Possibili controversie sui collegamenti con la salute</strong>: Mentre alcune ricerche hanno suggerito associazioni tra l'uso prolungato di alluminio nei deodoranti e alcune condizioni di salute.</li>
<!-- /wp:list-item --></ol>
<!-- /wp:list -->]]></content:encoded>
		<excerpt:encoded><![CDATA[]]></excerpt:encoded>
		<wp:post_id>52</wp:post_id>
		<wp:post_date><![CDATA[2023-10-05 17:48:53]]></wp:post_date>
		<wp:post_date_gmt><![CDATA[2023-10-05 15:48:53]]></wp:post_date_gmt>
		<wp:post_modified><![CDATA[2023-10-05 17:48:53]]></wp:post_modified>
		<wp:post_modified_gmt><![CDATA[2023-10-05 15:48:53]]></wp:post_modified_gmt>
		<wp:comment_status><![CDATA[open]]></wp:comment_status>
		<wp:ping_status><![CDATA[open]]></wp:ping_status>
		<wp:post_name><![CDATA[l-alluminio]]></wp:post_name>
		<wp:status><![CDATA[publish]]></wp:status>
		<wp:post_parent>0</wp:post_parent>
		<wp:menu_order>0</wp:menu_order>
		<wp:post_type><![CDATA[post]]></wp:post_type>
		<wp:post_password><![CDATA[]]></wp:post_password>
		<wp:is_sticky>0</wp:is_sticky>
										<category domain="category" nicename="sostanze-chimiche-dei-deodoranti-tradizionali"><![CDATA[Sostanze chimiche dei deodoranti tradizionali]]></category>
						</item>
					<item>
		<title><![CDATA[Triclosan]]></title>
		<link>http://localhost/sitonuovo1234/2023/10/05/triclosan/</link>
		<pubDate>Thu, 05 Oct 2023 15:50:42 +0000</pubDate>
		<dc:creator><![CDATA[Silvio Angelino]]></dc:creator>
		<guid isPermaLink="false">http://localhost/sitonuovo1234/?p=54</guid>
		<description></description>
		<content:encoded><![CDATA[<!-- wp:paragraph -->
<p><strong>Che effetto ha il triclosan dei deodoranti tradizionali sul nostro corpo? </strong></p>
<!-- /wp:paragraph -->

<!-- wp:paragraph -->
<p>Il triclosan è un composto chimico sintetico utilizzato comunemente in molti prodotti per la cura personale e per la pulizia domestica, tra cui alcuni deodoranti, saponi antibatterici, dentifrici e altri articoli per la cura del corpo. Ecco una breve spiegazione del triclosan e delle sue possibili implicazioni sulla salute:</p>
<!-- /wp:paragraph -->

<!-- wp:paragraph -->
<p><strong>Funzione del Triclosan:</strong> Il triclosan è noto principalmente per le sue proprietà antibatteriche e antimicrobiche. Viene aggiunto a molti prodotti per aiutare a uccidere o a inibire la crescita di batteri, funghi e alcune specie di alghe. Di conseguenza, è spesso incluso in saponi, deodoranti e altri prodotti per aiutare a prevenire l'odore corporeo e a combattere i batteri che possono causare infezioni.</p>
<!-- /wp:paragraph -->

<!-- wp:paragraph -->
<p><strong>Possibili Preoccupazioni per la Salute:</strong></p>
<!-- /wp:paragraph -->

<!-- wp:list {"ordered":true} -->
<ol><!-- wp:list-item -->
<li><strong>Resistenza batterica:</strong> L'uso eccessivo di triclosan può contribuire allo sviluppo di batteri resistenti agli agenti antimicrobici, rendendo più difficile il trattamento di infezioni comuni.</li>
<!-- /wp:list-item -->

<!-- wp:list-item -->
<li><strong>Disruptori endocrini:</strong> Alcune ricerche suggeriscono che il triclosan potrebbe agire come un interferente endocrino, influenzando il sistema endocrino e potenzialmente causando problemi di regolazione ormonale.</li>
<!-- /wp:list-item -->

<!-- wp:list-item -->
<li><strong>Impatto ambientale:</strong> Il triclosan può accumularsi nell'ambiente, nei fiumi e nei laghi, danneggiando organismi acquatici e potenzialmente entrando nella catena alimentare.</li>
<!-- /wp:list-item -->

<!-- wp:list-item -->
<li><strong>Potenziali reazioni allergiche:</strong> Alcune persone possono sviluppare reazioni allergiche o irritazioni cutanee a causa dell'esposizione al triclosan.</li>
<!-- /wp:list-item --></ol>
<!-- /wp:list -->

<!-- wp:paragraph -->
<p><strong>Regolamentazione e Uso Attuale:</strong> A causa delle crescenti preoccupazioni sulla sicurezza e dell'effetto sull'ambiente, in molti paesi il triclosan è stato oggetto di regolamentazione più severa. Ad esempio, negli Stati Uniti, la Food and Drug Administration (FDA) ha vietato l'uso di triclosan nei saponi antibatterici nel 2016.</p>
<!-- /wp:paragraph -->

<!-- wp:paragraph -->
<p><strong>Consigli:</strong> Se hai preoccupazioni riguardo al triclosan o desideri evitarlo, puoi cercare prodotti etichettati come "senza triclosan" o scegliere alternative più naturali. Consultare un professionista della salute o un dermatologo può anche fornire ulteriori consigli specifici sulle tue esigenze personali.</p>
<!-- /wp:paragraph -->]]></content:encoded>
		<excerpt:encoded><![CDATA[]]></excerpt:encoded>
		<wp:post_id>54</wp:post_id>
		<wp:post_date><![CDATA[2023-10-05 17:50:42]]></wp:post_date>
		<wp:post_date_gmt><![CDATA[2023-10-05 15:50:42]]></wp:post_date_gmt>
		<wp:post_modified><![CDATA[2023-10-05 17:50:42]]></wp:post_modified>
		<wp:post_modified_gmt><![CDATA[2023-10-05 15:50:42]]></wp:post_modified_gmt>
		<wp:comment_status><![CDATA[open]]></wp:comment_status>
		<wp:ping_status><![CDATA[open]]></wp:ping_status>
		<wp:post_name><![CDATA[triclosan]]></wp:post_name>
		<wp:status><![CDATA[publish]]></wp:status>
		<wp:post_parent>0</wp:post_parent>
		<wp:menu_order>0</wp:menu_order>
		<wp:post_type><![CDATA[post]]></wp:post_type>
		<wp:post_password><![CDATA[]]></wp:post_password>
		<wp:is_sticky>0</wp:is_sticky>
										<category domain="category" nicename="sostanze-chimiche-dei-deodoranti-tradizionali"><![CDATA[Sostanze chimiche dei deodoranti tradizionali]]></category>
						</item>
					<item>
		<title><![CDATA[Navigazione]]></title>
		<link>http://localhost/sitonuovo1234/2023/09/30/navigation/</link>
		<pubDate>Sat, 30 Sep 2023 13:28:23 +0000</pubDate>
		<dc:creator><![CDATA[]]></dc:creator>
		<guid isPermaLink="false">https://localhost/sitonuovo1234/2023/09/30/navigation/</guid>
		<description></description>
		<content:encoded><![CDATA[<!-- wp:page-list /-->]]></content:encoded>
		<excerpt:encoded><![CDATA[]]></excerpt:encoded>
		<wp:post_id>4</wp:post_id>
		<wp:post_date><![CDATA[2023-09-30 15:28:23]]></wp:post_date>
		<wp:post_date_gmt><![CDATA[2023-09-30 13:28:23]]></wp:post_date_gmt>
		<wp:post_modified><![CDATA[2023-09-30 15:28:23]]></wp:post_modified>
		<wp:post_modified_gmt><![CDATA[2023-09-30 13:28:23]]></wp:post_modified_gmt>
		<wp:comment_status><![CDATA[closed]]></wp:comment_status>
		<wp:ping_status><![CDATA[closed]]></wp:ping_status>
		<wp:post_name><![CDATA[navigation]]></wp:post_name>
		<wp:status><![CDATA[publish]]></wp:status>
		<wp:post_parent>0</wp:post_parent>
		<wp:menu_order>0</wp:menu_order>
		<wp:post_type><![CDATA[wp_navigation]]></wp:post_type>
		<wp:post_password><![CDATA[]]></wp:post_password>
		<wp:is_sticky>0</wp:is_sticky>
														</item>
					<item>
		<title><![CDATA[Pagina principale]]></title>
		<link>http://localhost/sitonuovo1234/2023/10/01/front-page/</link>
		<pubDate>Sun, 01 Oct 2023 15:43:13 +0000</pubDate>
		<dc:creator><![CDATA[Silvio Angelino]]></dc:creator>
		<guid isPermaLink="false">http://localhost/sitonuovo1234/2023/10/01/front-page/</guid>
		<description></description>
		<content:encoded><![CDATA[<!-- wp:heading {"level":1,"align":"wide","style":{"spacing":{"margin":{"bottom":"var:preset|spacing|60"}}}} -->
<h1 class="wp-block-heading alignwide" style="margin-bottom:var(--wp--preset--spacing--60)">Template, pagina principale</h1>
<!-- /wp:heading -->

<!-- wp:group {"tagName":"main","style":{"spacing":{"margin":{"top":"var:preset|spacing|50","bottom":"var:preset|spacing|70"}}},"layout":{"type":"constrained"}} -->
<main class="wp-block-group" style="margin-top:var(--wp--preset--spacing--50);margin-bottom:var(--wp--preset--spacing--70)"><!-- wp:query {"queryId":3,"query":{"pages":0,"offset":0,"postType":"post","order":"desc","orderBy":"date","author":"","search":"","exclude":[],"sticky":"","inherit":true,"perPage":10},"align":"wide","layout":{"type":"constrained"}} -->
<div class="wp-block-query alignwide"><!-- wp:post-template {"align":"wide","layout":{"type":"grid","columnCount":3}} -->
<!-- wp:post-featured-image {"isLink":true,"width":"100%","height":"clamp(15vw, 30vh, 400px)","align":"wide"} /-->

<!-- wp:post-title {"isLink":true} /-->

<!-- wp:post-excerpt /-->

<!-- wp:post-date {"isLink":true} /-->

<!-- wp:spacer {"height":"var(\u002d\u002dwp\u002d\u002dpreset\u002d\u002dspacing\u002d\u002d40)"} -->
<div style="height:var(--wp--preset--spacing--40)" aria-hidden="true" class="wp-block-spacer"></div>
<!-- /wp:spacer -->
<!-- /wp:post-template -->

<!-- wp:query-pagination {"paginationArrow":"arrow","align":"wide","layout":{"type":"flex","justifyContent":"space-between"}} -->
<!-- wp:query-pagination-previous {"label":"Newer Posts"} /-->

<!-- wp:query-pagination-next {"label":"Older Posts"} /-->
<!-- /wp:query-pagination --></div>
<!-- /wp:query -->

<!-- wp:spacer {"height":"var(\u002d\u002dwp\u002d\u002dpreset\u002d\u002dspacing\u002d\u002d60)"} -->
<div style="height:var(--wp--preset--spacing--60)" aria-hidden="true" class="wp-block-spacer"></div>
<!-- /wp:spacer -->

<!-- wp:columns {"align":"wide"} -->
<div class="wp-block-columns alignwide"><!-- wp:column -->
<div class="wp-block-column"><!-- wp:paragraph {"style":{"typography":{"lineHeight":"1.2"}},"fontSize":"x-large"} -->
<p class="has-x-large-font-size" style="line-height:1.2">Vuoi raccomandare qualche libro?		</p>
<!-- /wp:paragraph -->

<!-- wp:buttons -->
<div class="wp-block-buttons"><!-- wp:button {"fontSize":"small"} -->
<div class="wp-block-button has-custom-font-size has-small-font-size"><a class="wp-block-button__link wp-element-button">
				Contattaci				</a></div>
<!-- /wp:button --></div>
<!-- /wp:buttons --></div>
<!-- /wp:column -->

<!-- wp:column -->
<div class="wp-block-column"><!-- wp:separator {"className":"is-style-wide"} -->
<hr class="wp-block-separator has-alpha-channel-opacity is-style-wide"/>
<!-- /wp:separator --></div>
<!-- /wp:column --></div>
<!-- /wp:columns --></main>
<!-- /wp:group -->

<!-- wp:template-part {"slug":"footer","theme":"twentytwentythree","tagName":"footer"} /-->]]></content:encoded>
		<excerpt:encoded><![CDATA[Visualizza la homepage del tuo sito, indipendentemente dal fatto che sia impostata per visualizzare gli ultimi articoli o una pagina statica. Il template Home Page ha la precedenza su tutti i template.]]></excerpt:encoded>
		<wp:post_id>7</wp:post_id>
		<wp:post_date><![CDATA[2023-10-01 17:43:13]]></wp:post_date>
		<wp:post_date_gmt><![CDATA[2023-10-01 15:43:13]]></wp:post_date_gmt>
		<wp:post_modified><![CDATA[2023-10-01 17:43:52]]></wp:post_modified>
		<wp:post_modified_gmt><![CDATA[2023-10-01 15:43:52]]></wp:post_modified_gmt>
		<wp:comment_status><![CDATA[closed]]></wp:comment_status>
		<wp:ping_status><![CDATA[closed]]></wp:ping_status>
		<wp:post_name><![CDATA[front-page]]></wp:post_name>
		<wp:status><![CDATA[publish]]></wp:status>
		<wp:post_parent>0</wp:post_parent>
		<wp:menu_order>0</wp:menu_order>
		<wp:post_type><![CDATA[wp_template]]></wp:post_type>
		<wp:post_password><![CDATA[]]></wp:post_password>
		<wp:is_sticky>0</wp:is_sticky>
										<category domain="wp_theme" nicename="twentytwentythree"><![CDATA[twentytwentythree]]></category>
						<wp:postmeta>
		<wp:meta_key><![CDATA[is_wp_suggestion]]></wp:meta_key>
		<wp:meta_value><![CDATA[1]]></wp:meta_value>
		</wp:postmeta>
							</item>
				</channel>
</rss>
	